id;nom;theme;zone;options;listname_id
1;maroon;parse c solid;connect;JBOD c wireless;1
2;Shoes ADP;Chilean;Berkshire Awesome;c;2
3;b fuchsia;SCSI Gorgeous Music;Handmade;auxiliary;3
4;feed Plastic Tuna;Incredible UAE;intranet Kids;Future-proofed;4
5;calculating;viral la;Kwacha port;deposit;5
6;Visionary human-resource;Borders;c hacking Bedfordshire;mobile;6
7;Small repurpose;clicks-and-mortar Metal seamless;bottom-line;Baby Macédoine;7
8;metrics Tools;c;open-source Steel;Midi-Pyrénées Buckinghamshire;8
9;extend Synchronised;Ethiopian quantifying;c;Tenge;9
10;Computer;FTP;matrix;partnerships;10
